{
	"tweaks":{
		"eyebrow":{
			"scale":[
				1.0495472678195,
				0.99614036720371,
				0.97726729103446
			],
			"translate":[
				0.00065574305081958,
				0.00017166952694861,
				0.00075570955555972
			],
			"rotate":[
				-2.9591737821208,
				-1.2951532961879,
				0.50671980729838
			]
		},
		"item":{
			"scale":[
				1,
				1,
				1
			],
			"translate":[
				0,
				0,
				0
			],
			"rotate":[
				0,
				0,
				0
			]
		},
		"hand":{
			"scale":[
				1.041157386791,
				0.98639767024516,
				0.95099690359234
			],
			"translate":[
				0.0028010082113429,
				-0.0018299680555621,
				0.0011573920123541
			],
			"rotate":[
				-0.50675786395148,
				2.9594301881289,
				-0.69499181118906
			]
		},
		"foot":{
			"scale":[
				0.98621892639447,
				1.0328902317454,
				0.98483324786678
			],
			"translate":[
				-0.0027899372882329,
				0.0022658028667835,
				0.0028864777342647
			],
			"rotate":[
				1.1994126717768,
				0.55981033589422,
				1.6263013073144
			]
		},
		"hat":{
			"scale":[
				1,
				1,
				1
			],
			"translate":[
				0,
				0,
				0
			],
			"rotate":[
				0,
				0,
				0
			]
		},
		"boob":{
			"scale":[
				1.0838153509294,
				0.92563200211159,
				0.79671254325049
			],
			"translate":[
				-0.0015520428356093,
				-0.002487200077599,
				0.00091912517976309
			],
			"rotate":[
				2.3374932024989,
				-1.4773931589741,
				2.7728264899141
			]
		},
		"mouth":{
			"scale":[
				1.1003725431779,
				1.1222974924225,
				0.76362396467785
			],
			"translate":[
				-0.001829436096786,
				0.0014925797711718,
				0.0021614503968304
			],
			"rotate":[
				-2.3563249354918,
				1.3644619525363,
				2.5010303845536
			]
		},
		"tail":{
			"scale":[
				1.03198354634,
				1.0025130022087,
				1.0002335007232
			],
			"translate":[
				-0.0017728327431829,
				0.00039574614365862,
				0.0024310370870095
			],
			"rotate":[
				0.67284194809811,
				-0.64406277696744,
				-1.0255633184857
			]
		},
		"nose":{
			"scale":[
				1.0024251453084,
				0.99289374372211,
				0.98946268087101
			],
			"translate":[
				-0.00276709716036,
				0.0014051935473378,
				0.00054874621935748
			],
			"rotate":[
				2.519023588179,
				2.4012192465049,
				1.2792083402082
			]
		},
		"hair":{
			"scale":[
				1,
				1,
				1
			],
			"translate":[
				0,
				0,
				0
			],
			"rotate":[
				0,
				0,
				0
			]
		},
		"ear":{
			"scale":[
				0.87614406751458,
				0.84207132189025,
				0.93032405826028
			],
			"translate":[
				5.9158377273335e-05,
				0.00058172246629266,
				-0.0027309510720804
			],
			"rotate":[
				1.5889005243785,
				-1.5536452737451,
				0.69300506275267
			]
		},
		"cheek":{
			"scale":[
				1.0145180624854,
				0.96566789907436,
				1.1322655124439
			],
			"translate":[
				-0.00030856717855661,
				-0.00089625120368371,
				0.0010165733577068
			],
			"rotate":[
				-0.031659169954483,
				-0.66594775354147,
				-2.1024419373675
			]
		},
		"eye":{
			"scale":[
				1.191282313509,
				0.89094112927421,
				0.80011800512174
			],
			"translate":[
				-0.0023408586395414,
				-0.0015102551317263,
				-0.0029883882711677
			],
			"rotate":[
				-0.943102429249,
				-2.9008835948622,
				-0.57183195975518
			]
		},
		"head":{
			"scale":[
				0.82,
				0.82,
				0.82
			],
			"translate":[
				-0.001,
				-0.001,
				0
			],
			"rotate":[
				1,
				-2,
				-3
			]
		},
		"eyeball":{
			"scale":[
				1,
				1,
				1
			],
			"translate":[
				0,
				0,
				0
			],
			"rotate":[
				0,
				0,
				0
			]
		},
		"body":{
			"scale":[
				1,
				1,
				1
			],
			"translate":[
				0,
				0,
				0
			],
			"rotate":[
				30,
				0,
				0
			]
		}
	},
	"materials":{
		"foot1":{
			"ramp":[
				2043774,
				2150711696,
				4282602402
			]
		},
		"foot2":{
			"ramp":[
				53141,
				2148133295,
				4280549320
			]
		},
		"lips":{
			"ramp":[
				11430722,
				2164243603,
				4294967268
			]
		},
		"iris":{
			"ramp":[
				199225,
				2148998990,
				4281086818
			]
		},
		"head1":{
			"ramp":[
				5898242,
				2158711123,
				4294681252
			]
		},
		"head2":{
			"ramp":[
				10001169,
				2158143003,
				4289572902
			]
		},
		"grey":{
			"ramp":[
				8429901,
				2156966494,
				4288791150
			]
		},
		"body2":{
			"ramp":[
				2398745,
				2153501007,
				4287823750
			]
		},
		"skin":{
			"ramp":[
				6686976,
				2159499854,
				4294945695
			]
		},
		"white":{
			"ramp":[
				9275590,
				2159522544,
				4292992255
			]
		},
		"hand1":{
			"ramp":[
				9395345,
				2157339287,
				4288440477
			]
		},
		"hand2":{
			"ramp":[
				11469629,
				2159545158,
				4290843727
			]
		},
		"eye":{
			"ramp":[
				15198418,
				2164195304,
				4294967295
			]
		},
		"body1":{
			"ramp":[
				11112492,
				2163399286,
				4294967231
			]
		},
		"hair":{
			"ramp":[
				7218690,
				2154899717,
				4285803528
			]
		},
		"black":{
			"ramp":[
				17,
				2147483686,
				4279571771
			]
		}
	},
	"parts":{
		"head":[
			{
				"flags":3,
				"name":"head_pill"
			}
		],
		"item":{
		},
		"hand":[
			{
				"flags":3,
				"name":"hand_base"
			}
		],
		"foot":[
			{
				"flags":3,
				"name":"foot_bare"
			}
		],
		"hat":{
		},
		"eyewear":[
			{
				"flags":3,
				"name":"eyewear_glasses"
			}
		],
		"mouth":[
			{
				"flags":3,
				"name":"mouth_base"
			}
		],
		"tail":{
		},
		"nose":[
			{
				"flags":3,
				"name":"nose_base"
			}
		],
		"eyebrow":[
			{
				"flags":3,
				"name":"eyebrow_base"
			}
		],
		"ear":[
			{
				"flags":3,
				"name":"ear_base"
			}
		],
		"beard":{
		},
		"eye":[
			{
				"flags":3,
				"name":"eye_robot"
			}
		],
		"hair":[
			{
				"flags":3,
				"name":"hair_flattop"
			}
		],
		"eyeball":[
			{
				"flags":3,
				"name":"eyeball_base"
			}
		],
		"body":{
		}
	}
}