{
	"tweaks":{
		"eyebrow":{
			"scale":[
				1.0274734403883,
				0.98376640998253,
				0.96284208771069
			],
			"translate":[
				-0.002555814942133,
				-0.00038226915376876,
				0.00025990336176568
			],
			"rotate":[
				0.86056773848214,
				-2.2264437462095,
				1.1900185295353
			]
		},
		"item":{
			"scale":[
				1,
				1,
				1
			],
			"translate":[
				0,
				0,
				0
			],
			"rotate":[
				0,
				0,
				0
			]
		},
		"hand":{
			"scale":[
				0.96,
				1,
				0.5
			],
			"translate":[
				0.002,
				-0.001,
				0.002
			],
			"rotate":[
				2,
				2,
				1
			]
		},
		"foot":{
			"scale":[
				1.014184491286,
				1.0426499390329,
				1.0103350525238
			],
			"translate":[
				0.0021547219976236,
				-0.0012360323566126,
				0.0012079622389161
			],
			"rotate":[
				-1.6406570045012,
				-0.82589899153488,
				-2.6041337324124
			]
		},
		"hat":{
			"scale":[
				1,
				1,
				1
			],
			"translate":[
				0,
				0,
				0
			],
			"rotate":[
				0,
				0,
				0
			]
		},
		"boob":{
			"scale":[
				0.96760664635436,
				0.93505931656402,
				1.0928089951945
			],
			"translate":[
				-0.0029217042770801,
				-0.0029021151077905,
				-0.0020230295361193
			],
			"rotate":[
				-0.14027259397407,
				2.511263667376,
				-2.3238659939853
			]
		},
		"mouth":{
			"scale":[
				0.85889877917932,
				1.1498043095731,
				0.8735295400257
			],
			"translate":[
				0.0024470916633918,
				-0.0014809782402409,
				-0.0018816330915049
			],
			"rotate":[
				0.87821023134339,
				-0.91214912832129,
				2.2976831204576
			]
		},
		"tail":{
			"scale":[
				0.97257553863208,
				1.0266772606659,
				1.0329000324228
			],
			"translate":[
				0.0017777934483731,
				-0.00262771051912,
				0.0016682310750584
			],
			"rotate":[
				-0.12849080070773,
				1.7300355455764,
				-1.6716269269695
			]
		},
		"nose":{
			"scale":[
				0.9727358182057,
				1.0035772139559,
				0.983524696848
			],
			"translate":[
				0.00093501190838895,
				-0.00055327626055746,
				0.0018880871169791
			],
			"rotate":[
				0.85241087244195,
				-1.5715031622738,
				-0.57860666610012
			]
		},
		"hair":{
			"scale":[
				1,
				1,
				1
			],
			"translate":[
				0,
				0,
				0
			],
			"rotate":[
				0,
				0,
				0
			]
		},
		"ear":{
			"scale":[
				1.0344507563042,
				1.0269425575268,
				1.1049599031368
			],
			"translate":[
				-0.0013534908112491,
				-0.0010621673950917,
				-0.0011720223384331
			],
			"rotate":[
				2.0424503074151,
				-0.95516233536089,
				-0.70206773370635
			]
		},
		"cheek":{
			"scale":[
				1.1571647261935,
				0.78065994596293,
				0.94187587762023
			],
			"translate":[
				-0.0017146611824906,
				-1.0575811316793e-05,
				-0.00064215226247717
			],
			"rotate":[
				-1.5545042404268,
				-2.0796768221871,
				-0.77482670402063
			]
		},
		"eye":{
			"scale":[
				1.1118537116557,
				0.79867089868338,
				0.81566054295619
			],
			"translate":[
				-0.0020480589336624,
				0.0027557966344985,
				0.00094867543423974
			],
			"rotate":[
				-1.0040811518604,
				2.9873497571395,
				-2.6267139754389
			]
		},
		"head":{
			"scale":[
				1.01,
				1.02,
				1.02
			],
			"translate":[
				0.001,
				-0.001,
				0
			],
			"rotate":[
				0,
				1,
				0
			]
		},
		"eyeball":{
			"scale":[
				1,
				1,
				1
			],
			"translate":[
				0,
				0,
				0
			],
			"rotate":[
				0,
				0,
				0
			]
		},
		"body":{
			"scale":[
				1,
				1.55,
				1
			],
			"translate":[
				0,
				0,
				0
			],
			"rotate":[
				0,
				0,
				0
			]
		}
	},
	"materials":{
		"foot1":{
			"ramp":[
				5439631,
				2155815355,
				4289351142
			]
		},
		"foot2":{
			"ramp":[
				216946,
				2151845553,
				4286696944
			]
		},
		"lips":{
			"ramp":[
				9897734,
				2162118478,
				4294940567
			]
		},
		"iris":{
			"ramp":[
				3846,
				2149144911,
				4284654233
			]
		},
		"head1":{
			"ramp":[
				7738141,
				2159564127,
				4294612897
			]
		},
		"head2":{
			"ramp":[
				11492877,
				2162134588,
				4294950508
			]
		},
		"grey":{
			"ramp":[
				3369344,
				2152827038,
				4285507260
			]
		},
		"body2":{
			"ramp":[
				1477169,
				2152777067,
				4287365030
			]
		},
		"skin":{
			"ramp":[
				9027468,
				2157169046,
				4288533408
			]
		},
		"white":{
			"ramp":[
				6075256,
				2158624709,
				4294311935
			]
		},
		"hand1":{
			"ramp":[
				11948405,
				2162721703,
				4294948313
			]
		},
		"hand2":{
			"ramp":[
				8532571,
				2157661300,
				4290078094
			]
		},
		"eye":{
			"ramp":[
				9223510,
				2161115032,
				4294967259
			]
		},
		"body1":{
			"ramp":[
				13492025,
				2163081050,
				4294967162
			]
		},
		"hair":{
			"ramp":[
				6765093,
				2155038513,
				4286534462
			]
		},
		"black":{
			"ramp":[
				917504,
				2150042880,
				4282459674
			]
		}
	},
	"parts":{
		"head":[
			{
				"flags":3,
				"name":"head_pill"
			}
		],
		"item":{
		},
		"hand":[
			{
				"flags":3,
				"name":"hand_base"
			}
		],
		"foot":[
			{
				"flags":3,
				"name":"foot_slipper"
			}
		],
		"hat":{
		},
		"eyewear":{
		},
		"mouth":[
			{
				"flags":3,
				"name":"mouth_base"
			}
		],
		"tail":{
		},
		"nose":[
			{
				"flags":3,
				"name":"nose_base"
			}
		],
		"eyebrow":[
			{
				"flags":3,
				"name":"eyebrow_block"
			}
		],
		"ear":[
			{
				"flags":3,
				"name":"ear_base"
			}
		],
		"beard":{
		},
		"eye":[
			{
				"flags":3,
				"name":"eye_lash"
			}
		],
		"hair":{
		},
		"eyeball":[
			{
				"flags":3,
				"name":"eyeball_base"
			}
		],
		"body":{
		}
	}
}